{"cameraMode":{"drawMode":0,"name":"Shaded","section":"Shading Mode"},"sceneLighting":true,"audioPlay":false,"sceneViewState":{"m_AlwaysRefresh":false,"showFog":true,"showSkybox":true,"showFlares":true,"showImageEffects":true,"showParticleSystems":true,"showVisualEffectGraphs":true,"m_FxEnabled":true},"in2DMode":false,"pivot":{"x":0.4553816318511963,"y":1.0066146850585938,"z":0.010137557983398438},"rotation":{"x":-0.05577938258647919,"y":-0.016110634431242944,"z":0.00099832599516958,"w":-0.9984212517738342},"size":6.363501071929932,"orthographic":false}