{"cameraMode":{"drawMode":0,"name":"Shaded","section":"Shading Mode"},"sceneLighting":true,"audioPlay":false,"sceneViewState":{"m_AlwaysRefresh":false,"showFog":true,"showSkybox":true,"showFlares":true,"showImageEffects":true,"showParticleSystems":true,"showVisualEffectGraphs":true,"m_FxEnabled":true},"in2DMode":false,"pivot":{"x":504.03814697265627,"y":0.7825073003768921,"z":514.139892578125},"rotation":{"x":-0.00201782095246017,"y":-0.9920936822891235,"z":0.12447019666433335,"w":-0.01608208380639553},"size":0.8520943522453308,"orthographic":false}